{"camera_matrix": [[1653.309579504344, 0.0, 973.3272593618995], [0.0, 1652.4034361671625, 527.7399460098331], [0.0, 0.0, 1.0]], "distortion_coefficients": [[0.3135108899703872, -2.681819988745446, 0.001025068839677226, 0.0050614841190462405, 7.709661175805435]]}