{"camera_matrix": [[1683.9788754162607, 0.0, 544.230260280074], [0.0, 1685.2878209144858, 994.2943202367858], [0.0, 0.0, 1.0]], "distortion_coefficients": [[0.19068874923607573, -0.20963466761618507, 0.00948851438530592, -0.0009150692839769144, -1.888205367318071]]}