{"camera_matrix": [[1621.878047178696, 0.0, 530.8271736678296], [0.0, 1627.2631622665986, 950.0876323963037], [0.0, 0.0, 1.0]], "distortion_coefficients": [[0.01741446106932711, -0.3538630072798115, -0.004592626211048555, 0.00035571762548521014, 2.166658899372327]]}