{"camera_matrix": [[1073.1984216311716, 0.0, 645.429908491082], [0.0, 1075.1703327346645, 365.4937064873625], [0.0, 0.0, 1.0]], "distortion_coefficients": [[-0.02067858989750987, 0.014911814438048024, 1.170833981331119e-05, -0.0016691915405657163, -0.4329281025708926]]}