{"camera_matrix": [[1680.9348075342305, 0.0, 557.1025531643045], [0.0, 1684.0869718478075, 991.0031114450679], [0.0, 0.0, 1.0]], "distortion_coefficients": [[0.20728685752937362, -1.153328003797528, 0.007639757554857517, 0.0031475614726543077, 2.2936671149672825]]}